Beds,Baths,SQFT,Price,Zip_Code,Address,Property_ID,Property_Type,URL,Price_Per_SQFT,Region,Zip_Avg_Price_Per_SQFT,Deal_Score_Per_SQFT,Estimated_Value_From_Zip_Avg,Estimated_Savings,Savings_Percent,Deal_Label
4.0,3.0,1170.0,99900.0,19104,"3956 Melon St, Philadelphia, PA 19104",38669183,Unknown,https://www.redfin.com/PA/Philadelphia/3956-Melon-St-19104/home/38669183,85.38461538461539,Philadelphia / Southeast PA Area,207.40964899739257,122.02503361277718,242669.2893269493,142769.2893269493,58.83286250308982,Excellent Steal
3.0,3.0,2613.0,289900.0,15217,"719 Hazelwood Ave, Pittsburgh, PA 15217",74758618,Unknown,https://www.redfin.com/PA/Pittsburgh/719-Hazelwood-Ave-15217/home/74758618,110.94527363184079,Pittsburgh Area,269.2839100721977,158.33863644035694,703638.8570186526,413738.8570186526,58.79988759740778,Excellent Steal
4.0,3.0,3650.0,400000.0,15213,"142 Robinson, Pittsburgh, PA 15213",74571128,Unknown,https://www.redfin.com/PA/Pittsburgh/142-Robinson-St-15213/home/74571128,109.58904109589041,Pittsburgh Area,263.0770314267423,153.48799033085186,960231.1647076093,560231.1647076093,58.34336410839154,Excellent Steal
3.0,5.0,1264.0,85000.0,17101,"315 Evergreen St, Harrisburg, PA 17104",122749746,Unknown,https://www.redfin.com/PA/Harrisburg/315-Evergreen-St-17104/home/122749746,67.24683544303798,Central PA,157.52119363592462,90.27435819288664,199106.78875580872,114106.78875580872,57.30934111732028,Excellent Steal
3.0,5.0,1264.0,85000.0,17101,"317 Evergreen St, Harrisburg, PA 17104",123590246,Unknown,https://www.redfin.com/PA/Harrisburg/317-Evergreen-St-17104/home/123590246,67.24683544303798,Central PA,157.52119363592462,90.27435819288664,199106.78875580872,114106.78875580872,57.30934111732028,Excellent Steal
6.0,2.0,5264.0,299900.0,18503,"724 Court St, Scranton, PA 18508",128748250,Unknown,https://www.redfin.com/PA/Scranton/724-Court-St-18508/home/128748250,56.97188449848024,Lehigh Valley / Scranton Area,133.39233080369655,76.4204463052163,702177.2293506586,402277.2293506586,57.289984997472246,Excellent Steal
2.0,3.0,4356.0,299000.0,17101,"1330 Derry St, Harrisburg, PA 17104",178425468,Unknown,https://www.redfin.com/PA/Harrisburg/1330-Derry-St-17104/home/178425468,68.64095500459136,Central PA,157.52119363592462,88.88023863133326,686162.3194780876,387162.3194780876,56.424304933062054,Excellent Steal
4.0,2.0,1056.0,125000.0,19067,"1119 Anders Dr, Morrisville, PA 19067",38672615,Unknown,https://www.redfin.com/PA/Morrisville/1119-Anders-Dr-19067/home/38672615,118.37121212121212,Philadelphia / Southeast PA Area,266.20188357827504,147.83067145706292,281109.18905865843,156109.18905865843,55.53329280391595,Excellent Steal
2.0,1.0,845.0,100000.0,15213,"4625 5th Ave #711, Pittsburgh, PA 15213",147535313,Unknown,https://www.redfin.com/PA/Pittsburgh/4625-Fifth-Ave-15213/unit-711/home/147535313,118.34319526627219,Pittsburgh Area,263.0770314267423,144.7338361604701,222300.09155559723,122300.09155559723,55.01576301645831,Excellent Steal
3.0,2.0,3292.0,395000.0,19128,"8962-62 Ridge Ave, Philadelphia, PA 19128",40304405,Unknown,https://www.redfin.com/PA/Philadelphia/8962-Ridge-Ave-19128/home/40304405,119.98784933171325,Philadelphia / Southeast PA Area,261.52249037427634,141.5346410425631,860932.0383121177,465932.0383121177,54.11949115351672,Excellent Steal
3.0,1.0,1128.0,110000.0,19104,"4231 Parrish St, Philadelphia, PA 19104",38188698,Unknown,https://www.redfin.com/PA/Philadelphia/4231-Parrish-St-19104/home/38188698,97.51773049645391,Philadelphia / Southeast PA Area,207.40964899739257,109.89191850093866,233958.08406905882,123958.08406905882,52.98303094005051,Excellent Steal
1.0,1.0,2310.0,175000.0,17101,"1353 Vernon St, Harrisburg, PA 17104",123874835,Unknown,https://www.redfin.com/PA/Harrisburg/1353-Vernon-St-17104/home/123874835,75.75757575757575,Central PA,157.52119363592462,81.76361787834887,363873.95729898586,188873.95729898586,51.90642350471732,Excellent Steal
2.0,2.0,1250.0,129000.0,19104,"804 N Brooklyn St, Philadelphia, PA 19104",38195676,Unknown,https://www.redfin.com/PA/Philadelphia/804-N-Brooklyn-St-19104/home/38195676,103.2,Philadelphia / Southeast PA Area,207.40964899739257,104.20964899739256,259262.06124674072,130262.06124674072,50.2433948956264,Excellent Steal
3.0,3.0,1230.0,94000.0,19124,"770 Smylie Rd, Philadelphia, PA 19124",38959788,Unknown,https://www.redfin.com/PA/Philadelphia/770-Smylie-Rd-19124/home/38959788,76.42276422764228,Philadelphia / Southeast PA Area,152.5711290372946,76.14836480965234,187662.48871587237,93662.48871587237,49.91007492055628,Excellent Steal
4.0,4.0,2024.0,155000.0,19124,"1007 Arrott St, Philadelphia, PA 19124",38653996,Unknown,https://www.redfin.com/PA/Philadelphia/1007-Arrott-St-19124/home/38653996,76.58102766798419,Philadelphia / Southeast PA Area,152.5711290372946,75.99010136931042,308803.9651714843,153803.96517148428,49.80634399758249,Excellent Steal
3.0,2.0,960.0,75000.0,19124,"1435 Church St, Philadelphia, PA 19124",38651047,Unknown,https://www.redfin.com/PA/Philadelphia/1435-Church-St-19124/home/38651047,78.125,Philadelphia / Southeast PA Area,152.5711290372946,74.44612903729461,146468.28387580282,71468.28387580282,48.79437512656601,Excellent Steal
3.0,3.0,2768.0,289900.0,17601,"138 Meadow Ln, Lancaster, PA 17601",130356628,Unknown,https://www.redfin.com/PA/Lancaster/138-Meadow-Ln-17601/home/130356628,104.73265895953757,Central PA,201.8663638703207,97.13370491078312,558766.0951930477,268866.09519304766,48.11782559930687,Excellent Steal
2.0,4.0,6425.0,1275000.0,15232,"5615 Howe St, Pittsburgh, PA 15232",74749107,Unknown,https://www.redfin.com/PA/Pittsburgh/5615-Howe-St-15232/home/74749107,198.44357976653697,Pittsburgh Area,380.7788771479076,182.33529738137065,2446504.2856753063,1171504.2856753063,47.88482458562042,Excellent Steal
1.0,1.0,1358.0,275000.0,15232,"825 Morewood Ave Ph 2, Pittsburgh, PA 15213",74665554,Unknown,https://www.redfin.com/PA/Pittsburgh/825-Morewood-Ave-15213/unit-2/home/74665554,202.5036818851252,Pittsburgh Area,380.7788771479076,178.27519526278243,517097.7151668586,242097.71516685857,46.818562152945844,Excellent Steal
1.0,1.0,880.0,125000.0,15213,"5 Bayard Rd #514, Pittsburgh, PA 15213",74665114,Unknown,https://www.redfin.com/PA/Pittsburgh/5-Bayard-Rd-15213/unit-514/home/74665114,142.04545454545453,Pittsburgh Area,263.0770314267423,121.03157688128775,231507.7876555332,106507.7876555332,46.00613600697056,Excellent Steal
3.0,2.0,952.0,140000.0,19067,"3201 Claysburg Dr, Morrisville, PA 19067",160424913,Unknown,https://www.redfin.com/PA/Morrisville/3201-Claysburg-Dr-19067/home/160424913,147.05882352941177,Philadelphia / Southeast PA Area,266.20188357827504,119.14306004886328,253424.19316651786,113424.19316651786,44.75665553051205,Excellent Steal
7.0,2.0,3118.0,480000.0,16801,"242 Spring St, State College, PA 16801",119612291,Unknown,https://www.redfin.com/PA/State-College/242-Spring-St-16801/home/119612291,153.9448364336113,State College Area,277.08351923695045,123.13868280333915,863946.4129808116,383946.41298081155,44.44099856333787,Excellent Steal
5.0,2.0,2444.0,180000.0,19601,"416 Spring St, Reading, PA 19601",38225883,Unknown,https://www.redfin.com/PA/Reading/416-Spring-St-19601/home/38225883,73.64975450081833,Philadelphia / Southeast PA Area,132.4310972612564,58.78134276043808,323661.60170651064,143661.60170651064,44.38635937938041,Excellent Steal
3.0,3.0,1172.0,99900.0,19124,"4735 Worth St, Philadelphia, PA 19124",38643146,Unknown,https://www.redfin.com/PA/Philadelphia/4735-Worth-St-19124/home/38643146,85.23890784982935,Philadelphia / Southeast PA Area,152.5711290372946,67.33222118746527,178813.36323170929,78913.36323170929,44.13169228826151,Excellent Steal
3.0,4.0,5249.0,790000.0,15217,"5708 Solway St, Pittsburgh, PA 15217",74750594,Unknown,https://www.redfin.com/PA/Pittsburgh/5708-Solway-St-15217/home/74750594,150.50485806820348,Pittsburgh Area,269.2839100721977,118.77905200399425,1413471.243968966,623471.243968966,44.1092273103686,Excellent Steal
3.0,1.5,1208.0,99900.0,18102,"547 N Silk St, Allentown, PA 18102",59089240,Unknown,https://www.redfin.com/PA/Allentown/547-N-Silk-St-18102/home/59089240,82.69867549668874,Lehigh Valley / Scranton Area,146.92140064971593,64.2227251530272,177481.05198485684,77581.05198485684,43.71230118214324,Excellent Steal
1.0,1.0,1033.0,229000.0,15222,"320 Fort Duquesne Blvd Unit 7M, Pittsburgh, PA 15222",74533104,Unknown,https://www.redfin.com/PA/Pittsburgh/320-Fort-Duquesne-Blvd-15222/unit-7M/home/74533104,221.68441432720232,Pittsburgh Area,390.04285744222494,168.35844311502262,402914.2717378184,173914.27173781837,43.164088228422614,Excellent Steal
3.0,1.5,7637.0,579000.0,18503,"1116 1118 Swetland St, Scranton, PA 18504",128460947,Unknown,https://www.redfin.com/PA/Scranton/1116-Swetland-St-18504/home/128460947,75.81511064554144,Lehigh Valley / Scranton Area,133.39233080369655,57.577220158155114,1018717.2303478306,439717.23034783057,43.16381594897473,Excellent Steal
1.0,2.0,1118.0,249900.0,15222,"320 Fort Duquesne Blvd Unit 4F, Pittsburgh, PA 15222",74533061,Unknown,https://www.redfin.com/PA/Pittsburgh/320-Fort-Duquesne-Blvd-15222/unit-4F/home/74533061,223.5241502683363,Pittsburgh Area,390.04285744222494,166.51870717388863,436067.9146204075,186167.9146204075,42.69241289684537,Excellent Steal
3.0,2.0,4034.0,650000.0,19038,"7702 Cheltenham Ave, Glenside, PA 19038",38814494,Unknown,https://www.redfin.com/PA/Glenside/7702-Cheltenham-Ave-19038/home/38814494,161.13039167079822,Philadelphia / Southeast PA Area,280.5992061963203,119.4688145255221,1131937.1977959562,481937.19779595616,42.576319493197765,Excellent Steal
4.0,1.0,1848.0,121900.0,17102,"1525 Penn St, Harrisburg, PA 17102",123399533,Unknown,https://www.redfin.com/PA/Harrisburg/1525-Penn-St-17102/home/123399533,65.96320346320347,Central PA,113.43529129554562,47.472087832342154,209628.41831416832,87728.41831416832,41.84948730695973,Excellent Steal
4.0,1.0,1736.0,159999.0,17101,"211 N 2nd St, Harrisburg, PA 17113",123156612,Unknown,https://www.redfin.com/PA/Harrisburg/211-N-2nd-St-17113/home/123156612,92.16532258064517,Central PA,157.52119363592462,65.35587105527945,273456.79215196514,113457.79215196514,41.490208108970464,Excellent Steal
3.0,3.0,4406.0,675000.0,19128,"580 Wigard Ave, Philadelphia, PA 19128",38574940,Unknown,https://www.redfin.com/PA/Philadelphia/580-Wigard-Ave-19128/home/38574940,153.20018157058556,Philadelphia / Southeast PA Area,261.52249037427634,108.32230880369079,1152268.0925890615,477268.0925890615,41.41988272162212,Excellent Steal
3.0,1.5,2412.0,399000.0,16801,"1513 E Branch Rd, State College, PA 16801",119268061,Unknown,https://www.redfin.com/PA/State-College/1513-E-Branch-Rd-16801/home/119268061,165.4228855721393,State College Area,277.08351923695045,111.66063366481114,668325.4483995244,269325.44839952444,40.298547518202824,Excellent Steal
2.0,2.0,1702.0,224900.0,18018,"229 W Fairview St, Bethlehem, PA 18018",59105931,Unknown,https://www.redfin.com/PA/Bethlehem/229-W-Fairview-St-18018/home/59105931,132.13866039952995,Lehigh Valley / Scranton Area,218.36740702289026,86.22874662336031,371661.3267529592,146761.32675295923,39.48791983151653,Excellent Steal
5.0,2.5,4280.0,349000.0,18503,"1220-1222 Schlager St, Scranton, PA 18504",187483184,Unknown,https://www.redfin.com/PA/Scranton/1220-1222-Schlager-St-18504/home/187483184,81.54205607476635,Lehigh Valley / Scranton Area,133.39233080369655,51.8502747289302,570919.1758398212,221919.17583982123,38.87050658499576,Excellent Steal
6.0,3.0,2620.0,449000.0,16801,"222 Fry Dr, State College, PA 16801",119751542,Unknown,https://www.redfin.com/PA/State-College/222-Fry-Dr-16801/home/119751542,171.3740458015267,State College Area,277.08351923695045,105.70947343542375,725958.8204008102,276958.8204008102,38.150761808761835,Excellent Steal
4.0,3.0,2861.0,499900.0,19038,"795 N Hills Ave, Glenside, PA 19038",38907924,Unknown,https://www.redfin.com/PA/Glenside/795-N-Hills-Ave-19038/home/38907924,174.72911569381336,Philadelphia / Southeast PA Area,280.5992061963203,105.87009050250697,802794.3289276725,302894.32892767247,37.73000356545389,Excellent Steal
3.0,1.0,1800.0,150000.0,18503,"818 Capouse Ave, Scranton, PA 18509",128287430,Unknown,https://www.redfin.com/PA/Scranton/818-Capouse-Ave-18509/home/128287430,83.33333333333333,Lehigh Valley / Scranton Area,133.39233080369655,50.058997470363224,240106.1954466538,90106.19544665379,37.527642832803686,Excellent Steal
2.0,2.0,1020.0,85000.0,18503,"940 Providence Rd, Scranton, PA 18508",129209040,Unknown,https://www.redfin.com/PA/Scranton/940-Providence-Rd-18508/home/129209040,83.33333333333333,Lehigh Valley / Scranton Area,133.39233080369655,50.058997470363224,136060.17741977048,51060.17741977048,37.527642832803686,Excellent Steal
3.0,3.0,1500.0,195000.0,19104,"4009 Brown St, Philadelphia, PA 19104",38188901,Unknown,https://www.redfin.com/PA/Philadelphia/4009-Brown-St-19104/home/38188901,130.0,Philadelphia / Southeast PA Area,207.40964899739257,77.40964899739257,311114.4734960889,116114.47349608887,37.32210597317279,Excellent Steal
3.0,1.0,1152.0,168000.0,19111,"1326 Greeby St, Philadelphia, PA 19111",39300400,Unknown,https://www.redfin.com/PA/Philadelphia/1326-Greeby-St-19111/home/39300400,145.83333333333334,Philadelphia / Southeast PA Area,228.6104925889901,82.77715925565676,263359.2874625166,95359.28746251657,36.208818903373164,Excellent Steal
2.0,2.0,1172.0,295000.0,15222,"306 4th Ave #501, Pittsburgh, PA 15222",74445953,Unknown,https://www.redfin.com/PA/Pittsburgh/306-4th-Ave-15222/unit-501/home/74445953,251.7064846416382,Pittsburgh Area,390.04285744222494,138.33637280058673,457130.22892228764,162130.22892228764,35.46696732450172,Excellent Steal
5.0,1.0,4656.0,850000.0,19038,"8618 Caroline Dr, Glenside, PA 19038",38814459,Unknown,https://www.redfin.com/PA/Glenside/8618-Cheltenham-Ave-19038/home/38814459,182.56013745704468,Philadelphia / Southeast PA Area,280.5992061963203,98.03906873927565,1306469.9040500675,456469.90405006753,34.93918249743121,Excellent Steal
5.0,3.0,2084.0,179999.0,19601,"214 Douglass St, Reading, PA 19601",38227568,Unknown,https://www.redfin.com/PA/Reading/214-Douglass-St-19601/home/38227568,86.37188099808061,Philadelphia / Southeast PA Area,132.4310972612564,46.0592162631758,275986.4066924584,95987.40669245837,34.77975884494218,Excellent Steal
5.0,2.0,1612.0,119900.0,17102,"427 Muench St, Harrisburg, PA 17102",123515773,Unknown,https://www.redfin.com/PA/Harrisburg/427-Muench-St-17102/home/123515773,74.37965260545906,Central PA,113.43529129554562,39.05563869008657,182857.68956841953,62957.68956841953,34.429883543323875,Excellent Steal
2.0,2.0,1172.0,299900.0,15222,"306 4th Ave #1401, Pittsburgh, PA 15222",74445957,Unknown,https://www.redfin.com/PA/Pittsburgh/306-4th-Ave-15222/unit-1401/home/74445957,255.88737201365188,Pittsburgh Area,390.04285744222494,134.15548542857306,457130.22892228764,157230.22892228764,34.39506271395954,Excellent Steal
1.0,1.0,1118.0,289000.0,15222,"320 Fort Duquesne Blvd Unit 5F, Pittsburgh, PA 15222",74533096,Unknown,https://www.redfin.com/PA/Pittsburgh/320-Fort-Duquesne-Blvd-15222/unit-5F/home/74533096,258.4973166368515,Pittsburgh Area,390.04285744222494,131.54554080537343,436067.9146204075,147067.9146204075,33.725919676623896,Excellent Steal
3.0,3.0,1200.0,215000.0,15217,"821 Greenfield Ave, Pittsburgh, PA 15217",73531115,Unknown,https://www.redfin.com/PA/Pittsburgh/821-Greenfield-Ave-15217/home/73531115,179.16666666666666,Pittsburgh Area,269.2839100721977,90.11724340553107,323140.69208663725,108140.69208663725,33.4655135471591,Excellent Steal
3.0,1.0,1656.0,147900.0,18503,"1122 Swetland St, Scranton, PA 18504",128872210,Unknown,https://www.redfin.com/PA/Scranton/1122-Swetland-St-18504/home/128872210,89.31159420289855,Lehigh Valley / Scranton Area,133.39233080369655,44.080736600798005,220897.69981092148,72997.69981092148,33.045930253417865,Excellent Steal
4.0,1.0,3447.0,649999.0,19038,"500 W Waverly Rd, Glenside, PA 19038",38303560,Unknown,https://www.redfin.com/PA/Glenside/500-W-Waverly-Rd-19038/home/38303560,188.5694807078619,Philadelphia / Southeast PA Area,280.5992061963203,92.02972548845841,967225.4637587161,317226.4637587161,32.79757157405147,Excellent Steal
3.0,3.0,1200.0,185000.0,19111,"7123 Tabor Ave, Philadelphia, PA 19111",39306642,Unknown,https://www.redfin.com/PA/Philadelphia/7123-Tabor-Ave-19111/home/39306642,154.16666666666666,Philadelphia / Southeast PA Area,228.6104925889901,74.44382592232344,274332.59110678814,89332.59110678814,32.5636085549945,Excellent Steal
3.0,3.0,1456.0,215000.0,18018,"1403 Uelen Ct, Bethlehem, PA 18018",69129132,Unknown,https://www.redfin.com/PA/Bethlehem/1403-Uelen-Ct-18018/home/69129132,147.66483516483515,Lehigh Valley / Scranton Area,218.36740702289026,70.70257185805511,317942.94462532824,102942.94462532824,32.37780437198842,Excellent Steal
3.0,2.0,1066.0,150000.0,19104,"4211 Parrish St, Philadelphia, PA 19104",38188707,Unknown,https://www.redfin.com/PA/Philadelphia/4211-Parrish-St-19104/home/38188707,140.71294559099437,Philadelphia / Southeast PA Area,207.40964899739257,66.6967034063982,221098.68583122047,71098.68583122047,32.15699160034578,Excellent Steal
3.0,4.0,1439.0,149900.0,19124,"4438 Leiper St, Philadelphia, PA 19124",38659852,Unknown,https://www.redfin.com/PA/Philadelphia/4438-Leiper-St-19124/home/38659852,104.16956219596942,Philadelphia / Southeast PA Area,152.5711290372946,48.40156684132519,219549.85468466693,69649.85468466693,31.723935679530733,Excellent Steal
3.0,1.5,1760.0,319990.0,19067,"589 Elbridge Rd, Morrisville, PA 19067",38893745,Unknown,https://www.redfin.com/PA/Morrisville/589-Elbridge-Rd-19067/home/38893745,181.8125,Philadelphia / Southeast PA Area,266.20188357827504,84.38938357827504,468515.3150977641,148525.31509776408,31.701272148760307,Excellent Steal
3.0,1.5,9000.0,820000.0,18503,"622 Jefferson Ave, Scranton, PA 18510",128859517,Unknown,https://www.redfin.com/PA/Scranton/622-Jefferson-Ave-18510/home/128859517,91.11111111111111,Lehigh Valley / Scranton Area,133.39233080369655,42.28121969258544,1200530.977233269,380530.977233269,31.696889497198704,Excellent Steal
5.0,2.5,3200.0,295000.0,19601,"334 Mcknight St, Reading, PA 19601",193315384,Unknown,https://www.redfin.com/PA/Reading/334-McKnight-St-19601/home/193315384,92.1875,Philadelphia / Southeast PA Area,132.4310972612564,40.24359726125641,423779.51123602054,128779.51123602054,30.388328794002938,Excellent Steal
3.0,2.5,2143.0,235000.0,17101,"231 Boas St, Harrisburg, PA 17102",123768918,Unknown,https://www.redfin.com/PA/Harrisburg/231-Boas-St-17102/home/123768918,109.65935604293047,Central PA,157.52119363592462,47.86183759299415,337567.91796178644,102567.91796178644,30.384379706781672,Excellent Steal
2.0,5.0,3360.0,345000.0,18102,"46 S 10th St, Allentown, PA 18102",69109556,Unknown,https://www.redfin.com/PA/Allentown/46-S-10th-St-18102/home/69109556,102.67857142857143,Lehigh Valley / Scranton Area,146.92140064971593,44.242829221144504,493655.90618304553,148655.90618304553,30.11326398026008,Excellent Steal
4.0,3.0,1380.0,150000.0,19124,"1836 Harrison St, Philadelphia, PA 19124",38635896,Unknown,https://www.redfin.com/PA/Philadelphia/1836-Harrison-St-19124/home/38635896,108.69565217391305,Philadelphia / Southeast PA Area,152.5711290372946,43.875476863381564,210548.15807146658,60548.158071466576,28.75739148043967,Good Deal
3.0,3.0,1470.0,160000.0,19124,"5103 Duffield St, Philadelphia, PA 19124",39432376,Unknown,https://www.redfin.com/PA/Philadelphia/5103-Duffield-St-19124/home/39432376,108.84353741496598,Philadelphia / Southeast PA Area,152.5711290372946,43.72759162232863,224279.5596848231,64279.55968482309,28.660462761365434,Good Deal
7.0,6.0,3097.0,850000.0,15232,"5921 Alder St, Pittsburgh, PA 15232",74745802,Unknown,https://www.redfin.com/PA/Pittsburgh/5921-Alder-St-15232/home/74745802,274.45915402001935,Pittsburgh Area,380.7788771479076,106.31972312788827,1179272.18252707,329272.18252706993,27.921644163730758,Good Deal
2.0,2.0,1234.0,240000.0,15217,"5841 Morrowfield Ave #109, Pittsburgh, PA 15217",73583302,Unknown,https://www.redfin.com/PA/Pittsburgh/5841-Morrowfield-Ave-15217/unit-109/home/73583302,194.48946515397083,Pittsburgh Area,269.2839100721977,74.7944449182269,332296.345029092,92296.34502909199,27.77531152833222,Good Deal
4.0,3.0,1898.0,369900.0,15217,"956 Greenfield Ave, Pittsburgh, PA 15217",74757820,Unknown,https://www.redfin.com/PA/Pittsburgh/956-Greenfield-Ave-15217/home/74757820,194.88935721812433,Pittsburgh Area,269.2839100721977,74.3945528540734,511100.86131703126,141200.86131703126,27.626809501587914,Good Deal
3.0,1.5,1660.0,325000.0,15217,"3148 Beechwood Blvd, Pittsburgh, PA 15217",74758328,Unknown,https://www.redfin.com/PA/Pittsburgh/3148-Beechwood-Blvd-15217/home/74758328,195.78313253012047,Pittsburgh Area,269.2839100721977,73.50077754207726,447011.29071984824,122011.29071984824,27.29490132639969,Good Deal
5.0,2.0,2172.0,210000.0,19601,"911 N Front St, Reading, PA 19601",38231759,Unknown,https://www.redfin.com/PA/Reading/911-N-Front-St-19601/home/38231759,96.68508287292818,Philadelphia / Southeast PA Area,132.4310972612564,35.746014388328234,287640.34325144894,77640.34325144894,26.99216054806938,Good Deal
3.0,3.0,1368.0,269000.0,15217,"4040 Ludwick, Pittsburgh, PA 15217",73510216,Unknown,https://www.redfin.com/PA/Pittsburgh/4040-Ludwick-St-15217/home/73510216,196.63742690058479,Pittsburgh Area,269.2839100721977,72.64648317161294,368380.3889787665,99380.38897876651,26.977654607041202,Good Deal
4.0,1.0,4555.0,675000.0,17601,"2144 Saddleridge Rd, Lancaster, PA 17601",131660077,Unknown,https://www.redfin.com/PA/Lancaster/2144-Saddleridge-Rd-17601/home/131660077,148.18880351262348,Central PA,201.8663638703207,53.67756035769722,919501.2874293107,244501.28742931073,26.59064111947831,Good Deal
4.0,3.0,2176.0,350000.0,18018,"945 Main St, Bethlehem, PA 18018",59172328,Unknown,https://www.redfin.com/PA/Bethlehem/945-Main-St-18018/home/59172328,160.84558823529412,Lehigh Valley / Scranton Area,218.36740702289026,57.521818787596146,475167.4776818092,125167.47768180922,26.341760234193945,Good Deal
4.0,1.0,2266.0,374900.0,16803,"2107 Circleville Rd, State College, PA 16803",119648638,Unknown,https://www.redfin.com/PA/State-College/2107-Circleville-Rd-16803/home/119648638,165.44571932921448,State College Area,224.27380204527876,58.82808271606427,508204.4354346017,133304.43543460168,26.230474616106726,Good Deal
2.0,2.0,1083.0,209000.0,19128,"285 Shawmont Ave Unit D, Philadelphia, PA 19128",177313794,Unknown,https://www.redfin.com/PA/Philadelphia/285-Shawmont-Ave-19128/unit-D/home/177313794,192.98245614035088,Philadelphia / Southeast PA Area,261.52249037427634,68.54003423392547,283228.8570753413,74228.85707534128,26.208084106202417,Good Deal
4.0,2.0,8560.0,995000.0,17101,"315 N Front St, Harrisburg, PA 17101",183798392,Unknown,https://www.redfin.com/PA/Harrisburg/315-N-Front-St-17101/home/183798392,116.23831775700934,Central PA,157.52119363592462,41.28287587891528,1348381.4175235147,353381.4175235147,26.20782316716791,Good Deal
4.0,1.0,4155.0,850000.0,16801,"219 Ronan Dr, State College, PA 16801",119305375,Unknown,https://www.redfin.com/PA/State-College/219-Ronan-Dr-16801/home/119305375,204.57280385078218,State College Area,277.08351923695045,72.51071538616827,1151282.022429529,301282.0224295291,26.169263183119913,Good Deal
3.0,2.0,1403.0,139000.0,18503,"131 Prospect Ave, Scranton, PA 18505",129612448,Unknown,https://www.redfin.com/PA/Scranton/131-Prospect-Ave-18505/home/129612448,99.07341411261582,Lehigh Valley / Scranton Area,133.39233080369655,34.31891669108073,187149.44011758626,48149.44011758626,25.727803453397403,Good Deal
3.0,1.0,2316.0,459000.0,19067,"7403 Spruce Mill Dr, Morrisville, PA 19067",38772282,Unknown,https://www.redfin.com/PA/Morrisville/7403-Spruce-Mill-Dr-19067/home/38772282,198.1865284974093,Philadelphia / Southeast PA Area,266.20188357827504,68.01535508086573,616523.562367285,157523.56236728502,25.55029069163826,Good Deal
5.0,4.0,5220.0,873900.0,16803,"576 E Shadow Ln, State College, PA 16803",119308233,Unknown,https://www.redfin.com/PA/State-College/576-E-Shadow-Ln-16803/home/119308233,167.41379310344828,State College Area,224.27380204527876,56.86000894183047,1170709.2466763551,296809.24667635513,25.352942886459378,Good Deal
3.0,2.0,1680.0,330000.0,15213,"128 N Craig St #303, Pittsburgh, PA 15213",74664775,Unknown,https://www.redfin.com/PA/Pittsburgh/128-N-Craig-St-15213/unit-303/home/74664775,196.42857142857142,Pittsburgh Area,263.0770314267423,66.64845999817086,441969.41279692703,111969.41279692703,25.334199506782145,Good Deal
3.0,3.0,2200.0,440000.0,19380,"990 Fernhill Rd #105, West Chester, PA 19380",148345267,Unknown,https://www.redfin.com/PA/West-Chester/990-Fern-Hill-Rd-19380/unit-105/home/148345267,200.0,Philadelphia / Southeast PA Area,267.77862716029074,67.77862716029074,589112.9797526397,149112.97975263966,25.311440229215478,Good Deal
3.0,1.5,1120.0,95000.0,17102,"1411 Fulton St, Harrisburg, PA 17102",123632649,Unknown,https://www.redfin.com/PA/Harrisburg/1411-Fulton-St-17102/home/123632649,84.82142857142857,Central PA,113.43529129554562,28.613862724117055,127047.5262510111,32047.526251011106,25.224832939835423,Good Deal
4.0,4.0,2798.0,425000.0,17601,"2182 Veumont Dr, Lancaster, PA 17601",131294863,Unknown,https://www.redfin.com/PA/Lancaster/2182-Veumont-Dr-17601/home/131294863,151.89421015010723,Central PA,201.8663638703207,49.97215372021347,564822.0861091573,139822.0861091573,24.755067046392966,Good Deal
4.0,7.0,4024.0,789900.0,19020,"1194 Elberta Ave, Bensalem, PA 19020",38411578,Unknown,https://www.redfin.com/PA/Bensalem/1194-Elberta-Ave-19020/home/38411578,196.2972166998012,Philadelphia / Southeast PA Area,260.8656070963141,64.56839039651288,1049723.2029555677,259823.20295556774,24.751591869553582,Good Deal
3.0,1.0,1672.0,274900.0,18018,"917 High St, Bethlehem, PA 18018",73697117,Unknown,https://www.redfin.com/PA/Bethlehem/917-High-St-18018/home/73697117,164.41387559808612,Lehigh Valley / Scranton Area,218.36740702289026,53.95353142480414,365110.3045422725,90210.30454227253,24.70768516253366,Good Deal
3.0,2.5,2020.0,398000.0,19020,"1009 Burnley Ct, Bensalem, PA 19020",38409829,Unknown,https://www.redfin.com/PA/Bensalem/1009-Burnley-Ct-19020/home/38409829,197.02970297029702,Philadelphia / Southeast PA Area,260.8656070963141,63.835904126017056,526948.5263345544,128948.52633455442,24.470801205483642,Good Deal
3.0,3.0,2259.0,345000.0,17601,"974 Hermosa Ave, Lancaster, PA 17601",130722350,Unknown,https://www.redfin.com/PA/Lancaster/974-Hermosa-Ave-17601/home/130722350,152.72244355909694,Central PA,201.8663638703207,49.14392031122375,456016.11598305445,111016.11598305445,24.344779075128084,Good Deal
4.0,4.0,1661.0,278000.0,18018,"525 3rd Ave, Bethlehem, PA 18018",59194518,Unknown,https://www.redfin.com/PA/Bethlehem/525-3rd-Ave-18018/home/59194518,167.36905478627332,Lehigh Valley / Scranton Area,218.36740702289026,50.99835223661694,362708.2630650207,84708.26306502073,23.354379177690678,Good Deal
1.0,1.0,1358.0,275000.0,15213,"825 Morewood Ave Ph 2, Pittsburgh, PA 15213",74665554,Unknown,https://www.redfin.com/PA/Pittsburgh/825-Morewood-Ave-15213/unit-2/home/74665554,202.5036818851252,Pittsburgh Area,263.0770314267423,60.57334954161709,357258.608677516,82258.608677516,23.024947945136226,Good Deal
3.0,2.0,1557.0,189500.0,17101,"411 Herr St, Harrisburg, PA 17102",122879916,Unknown,https://www.redfin.com/PA/Harrisburg/411-Herr-St-17102/home/122879916,121.70841361592807,Central PA,157.52119363592462,35.81278001999655,245260.49849113464,55760.49849113464,22.73521371528575,Good Deal
4.0,3.0,1557.0,325000.0,15217,"833 Flemington St, Pittsburgh, PA 15217",74674261,Unknown,https://www.redfin.com/PA/Pittsburgh/833-Flemington-St-15217/home/74674261,208.73474630700065,Pittsburgh Area,269.2839100721977,60.54916376519708,419275.04798241187,94275.04798241187,22.485251253579634,Good Deal
5.0,3.0,1536.0,175000.0,18102,"120 N Poplar St, Allentown, PA 18102",59123842,Unknown,https://www.redfin.com/PA/Allentown/120-N-Poplar-St-18102/home/59123842,113.93229166666667,Lehigh Valley / Scranton Area,146.92140064971593,32.98910898304926,225671.2713979637,50671.27139796369,22.45357642737192,Good Deal
4.0,1.0,3362.0,699000.0,19380,"227 Silverbell Ct, West Chester, PA 19380",39343330,Unknown,https://www.redfin.com/PA/West-Chester/227-Silverbell-Ct-19380/home/39343330,207.91195716835216,Philadelphia / Southeast PA Area,267.77862716029074,59.86666999193858,900271.7445128975,201271.74451289745,22.35677679985368,Good Deal
2.0,2.0,1730.0,354900.0,15213,"540 N Neville St #603, Pittsburgh, PA 15213",74665184,Unknown,https://www.redfin.com/PA/Pittsburgh/540-N-Neville-St-15213/unit-603/home/74665184,205.14450867052022,Pittsburgh Area,263.0770314267423,57.932522756222056,455123.2643682641,100223.26436826412,22.021125311486653,Good Deal
3.0,6.0,2846.0,599000.0,15217,"602 S Dallas, Pittsburgh, PA 15217",74476502,Unknown,https://www.redfin.com/PA/Pittsburgh/602-S-Dallas-Ave-15217/home/74476502,210.47083626141955,Pittsburgh Area,269.2839100721977,58.81307381077818,766382.0080654747,167382.00806547469,21.840545094212946,Good Deal
3.0,2.5,1701.0,349900.0,15213,"3211 Joe Hammer Sq, Pittsburgh, PA 15213",74572134,Unknown,https://www.redfin.com/PA/Pittsburgh/3211-Joe-Hammer-Sq-15213/home/74572134,205.70252792475014,Pittsburgh Area,263.0770314267423,57.37450350199214,447494.0304568886,97594.0304568886,21.809012816829245,Good Deal
3.0,2.0,1898.0,399000.0,19380,"407 Hartford Sq #50, West Chester, PA 19380",146174282,Unknown,https://www.redfin.com/PA/West-Chester/407-Hartford-Sq-19380/unit-50/home/146174282,210.2212855637513,Philadelphia / Southeast PA Area,267.77862716029074,57.55734159653943,508243.8343502318,109243.8343502318,21.494374740402982,Good Deal
3.0,1.0,3314.0,585000.0,16803,"183 Aeropointe Ln, State College, PA 16803",145088144,Unknown,https://www.redfin.com/PA/State-College/183-Aeropointe-Ln-16803/home/145088144,176.52383826191914,State College Area,224.27380204527876,47.74996378335962,743243.3799780539,158243.37997805385,21.290923571055067,Good Deal
3.0,3.0,2358.0,515000.0,16801,"2414 Autumnwood Dr, State College, PA 16801",119673344,Unknown,https://www.redfin.com/PA/State-College/2414-Autumnwood-Dr-16801/home/119673344,218.40542832909244,State College Area,277.08351923695045,58.67809090785801,653362.9383607291,138362.93836072914,21.1770411569224,Good Deal
3.0,4.0,4258.0,899900.0,19380,"205 Sussex Rd, West Chester, PA 19380",39005041,Unknown,https://www.redfin.com/PA/West-Chester/205-Sussex-Rd-19380/home/39005041,211.34335368717709,Philadelphia / Southeast PA Area,267.77862716029074,56.435273473113654,1140201.394448518,240301.39444851805,21.075346479886107,Good Deal
4.0,4.0,1981.0,325000.0,19104,"3872 Poplar St, Philadelphia, PA 19104",38673400,Unknown,https://www.redfin.com/PA/Philadelphia/3872-Poplar-St-19104/home/38673400,164.0585562847047,Philadelphia / Southeast PA Area,207.40964899739257,43.35109271268786,410878.51466383465,85878.51466383465,20.901193807638546,Good Deal
6.0,5.0,1674.0,275000.0,19104,"3926 Fairmount Ave, Philadelphia, PA 19104",38669155,Unknown,https://www.redfin.com/PA/Philadelphia/3926-Fairmount-Ave-19104/home/38669155,164.27718040621266,Philadelphia / Southeast PA Area,207.40964899739257,43.1324685911799,347203.75242163514,72203.75242163514,20.79578688825713,Good Deal
4.0,2.0,2813.0,499900.0,16803,"773 Cornwall Rd, State College, PA 16803",119708805,Unknown,https://www.redfin.com/PA/State-College/773-Cornwall-Rd-16803/home/119708805,177.71062922147175,State College Area,224.27380204527876,46.56317282380701,630882.2051533691,130982.20515336911,20.761752999758013,Good Deal
3.0,1.0,1800.0,225000.0,17101,"524 N 16th St, Harrisburg, PA 17103",123848124,Unknown,https://www.redfin.com/PA/Harrisburg/524-N-16th-St-17103/home/123848124,125.0,Central PA,157.52119363592462,32.52119363592462,283538.1485446643,58538.14854466432,20.64559878278358,Good Deal
3.0,3.0,1842.0,385000.0,19128,"748 Hill Rd, Philadelphia, PA 19128",38572176,Unknown,https://www.redfin.com/PA/Philadelphia/748-Hill-Rd-19128/home/38572176,209.01194353963083,Philadelphia / Southeast PA Area,261.52249037427634,52.51054683464551,481724.42726941704,96724.42726941704,20.0787881606264,Good Deal
2.0,1.0,1924.0,345000.0,16803,"632 Oakwood Ave Unit B, State College, PA 16803",119505797,Unknown,https://www.redfin.com/PA/State-College/632-Oakwood-Ave-16803/unit-B/home/119505797,179.31392931392932,State College Area,224.27380204527876,44.959872731349435,431502.7951351163,86502.79513511632,20.046867855868637,Good Deal
4.0,1.5,1520.0,179900.0,18102,"440 N 4th St, Allentown, PA 18102",59048870,Unknown,https://www.redfin.com/PA/Allentown/440-N-4th-St-18102/home/59048870,118.35526315789474,Lehigh Valley / Scranton Area,146.92140064971593,28.566137491821195,223320.52898756822,43420.52898756822,19.44314263646821,Good Deal
3.0,3.0,2146.0,389990.0,16803,"230 Abercorn St Lot 307B, State College, PA 16803",201088222,Unknown,https://www.redfin.com/PA/State-College/230-Abercorn-ST-16803/unit-307B/home/201088222,181.7287977632805,State College Area,224.27380204527876,42.545004281998246,481291.57918916823,91301.57918916823,18.970117728422338,Good Deal
3.0,1.0,2874.0,624000.0,19380,"157 Fringetree Dr, West Chester, PA 19380",39347281,Unknown,https://www.redfin.com/PA/West-Chester/157-Fringetree-Dr-19380/home/39347281,217.11899791231733,Philadelphia / Southeast PA Area,267.77862716029074,50.65962924797341,769595.7744586755,145595.77445867553,18.918473735265227,Good Deal
2.0,2.0,1316.0,419500.0,15222,"301 5th Ave #506, Pittsburgh, PA 15222",74445920,Unknown,https://www.redfin.com/PA/Pittsburgh/301-5th-Ave-15222/unit-506/home/74445920,318.76899696048633,Pittsburgh Area,390.04285744222494,71.27386048173861,513296.40039396804,93796.40039396804,18.27334076801959,Good Deal
3.0,2.0,3098.0,399275.0,17101,"568 & 570 Race St, Harrisburg, PA 17104",122555203,Unknown,https://www.redfin.com/PA/Harrisburg/568-Race-St-17104/home/122555203,128.88153647514525,Central PA,157.52119363592462,28.639657160779365,488000.65788409446,88725.65788409446,18.181462760480084,Good Deal
1.0,1.0,1226.0,269000.0,19380,"803 Jefferson Way #803, West Chester, PA 19380",201561218,Unknown,https://www.redfin.com/PA/West-Chester/803-Jefferson-Way-19380/unit-803/home/201561218,219.4127243066884,Philadelphia / Southeast PA Area,267.77862716029074,48.365902853602336,328296.59689851647,59296.596898516465,18.06189813074618,Good Deal
2.0,4.0,3468.0,574900.0,17601,"725 Oxford Rd, Lancaster, PA 17601",131264133,Unknown,https://www.redfin.com/PA/Lancaster/725-Oxford-Rd-17601/home/131264133,165.77277970011534,Central PA,201.8663638703207,36.09358417020536,700072.5499022722,125172.54990227218,17.8799397176401,Good Deal
3.0,1.0,3028.0,650000.0,19020,"871 Roberts Rd, Bensalem, PA 19020",38414814,Unknown,https://www.redfin.com/PA/Bensalem/871-Roberts-Rd-19020/home/38414814,214.66314398943197,Philadelphia / Southeast PA Area,260.8656070963141,46.20246310688211,789901.058287639,139901.05828763905,17.711212919617928,Good Deal
4.0,4.0,3280.0,725000.0,19380,"1414 Morstein Rd, West Chester, PA 19380",38729750,Unknown,https://www.redfin.com/PA/West-Chester/1414-Morstein-Rd-19380/home/38729750,221.03658536585365,Philadelphia / Southeast PA Area,267.77862716029074,46.742041794437085,878313.8970857536,153313.89708575362,17.45547891186161,Good Deal
2.0,2.0,2050.0,469000.0,16801,"327 Fry Dr, State College, PA 16801",119515141,Unknown,https://www.redfin.com/PA/State-College/327-Fry-Dr-16801/home/119515141,228.78048780487805,State College Area,277.08351923695045,48.3030314320724,568021.2144357484,99021.2144357484,17.43266130193966,Good Deal
4.0,1.5,2428.0,295000.0,18102,"132 N 11th St, Allentown, PA 18102",59176655,Unknown,https://www.redfin.com/PA/Allentown/132-N-11th-St-18102/home/59176655,121.49917627677101,Lehigh Valley / Scranton Area,146.92140064971593,25.422224372944925,356725.16077751026,61725.16077751026,17.303282068182536,Good Deal
3.0,4.0,3056.0,569900.0,16803,"1845 Woodledge Dr, State College, PA 16803",119338170,Unknown,https://www.redfin.com/PA/State-College/1845-Woodledge-Dr-16803/home/119338170,186.48560209424085,State College Area,224.27380204527876,37.78819995103791,685380.7390503719,115480.73905037192,16.8491369060613,Good Deal
3.0,3.0,1794.0,234990.0,17101,"226 Walnut St, Lemoyne, PA 17043",121493534,Unknown,https://www.redfin.com/PA/Lemoyne/226-Walnut-St-17043/home/121493534,130.9866220735786,Central PA,157.52119363592462,26.53457156234603,282593.0213828488,47603.02138284879,16.84508030308279,Good Deal
4.0,4.0,3950.0,875000.0,19067,"1040 Harvard Dr, Yardley, PA 19067",38727356,Unknown,https://www.redfin.com/PA/Yardley/1040-Harvard-Dr-19067/home/38727356,221.51898734177215,Philadelphia / Southeast PA Area,266.20188357827504,44.6828962365029,1051497.4401341865,176497.44013418653,16.78534187507512,Good Deal
3.0,3.0,1704.0,325000.0,19111,"7960 Frontenac St, Philadelphia, PA 19111",39328014,Unknown,https://www.redfin.com/PA/Philadelphia/7960-Frontenac-St-19111/home/39328014,190.72769953051642,Philadelphia / Southeast PA Area,228.6104925889901,37.88279305847368,389552.27937163913,64552.27937163913,16.57088991386833,Good Deal
3.0,3.0,942.0,120000.0,19124,"5243 Hawthorne St, Philadelphia, PA 19124",39433161,Unknown,https://www.redfin.com/PA/Philadelphia/5243-Hawthorne-St-19124/home/39433161,127.38853503184713,Philadelphia / Southeast PA Area,152.5711290372946,25.182594005447484,143722.00355313154,23722.003553131537,16.505477913381526,Good Deal
5.0,2.0,1920.0,449900.0,19038,"1780 S Limekiln Pike, Glenside, PA 19038",38902860,Unknown,https://www.redfin.com/PA/Glenside/1780-Limekiln-Pike-19038/home/38902860,234.32291666666666,Philadelphia / Southeast PA Area,280.5992061963203,46.27628952965367,538750.475896935,88850.47589693498,16.4919531159602,Good Deal
3.0,3.0,1205.0,282500.0,19038,"8200 Cheltenham Ave, Glenside, PA 19038",38814469,Unknown,https://www.redfin.com/PA/Glenside/8200-Cheltenham-Ave-19038/home/38814469,234.43983402489627,Philadelphia / Southeast PA Area,280.5992061963203,46.15937217142405,338122.043466566,55622.043466566014,16.450286084960915,Good Deal
5.0,3.0,2214.0,209900.0,17102,"1910 N 3rd St, Harrisburg, PA 17102",123717892,Unknown,https://www.redfin.com/PA/Harrisburg/1910-N-3rd-St-17102/home/123717892,94.80578139114725,Central PA,113.43529129554562,18.629509904398375,251145.734928338,41245.734928338,16.423028223078155,Good Deal
3.0,3.0,1280.0,245000.0,19111,"1413 Magee Ave, Philadelphia, PA 19111",39302687,Unknown,https://www.redfin.com/PA/Philadelphia/1413-Magee-Ave-19111/home/39302687,191.40625,Philadelphia / Southeast PA Area,228.6104925889901,37.2042425889901,292621.43051390734,47621.43051390734,16.274074810677288,Good Deal
2.0,2.0,1336.0,295000.0,15213,"128 N Craig St #806, Pittsburgh, PA 15213",74664828,Unknown,https://www.redfin.com/PA/Pittsburgh/128-N-Craig-St-15213/unit-806/home/74664828,220.80838323353294,Pittsburgh Area,263.0770314267423,42.268648193209344,351470.9139861277,56470.91398612771,16.067023397662027,Good Deal
4.0,1.0,2148.0,499800.0,16801,"735 Westerly Pkwy, State College, PA 16801",119598481,Unknown,https://www.redfin.com/PA/State-College/735-Westerly-Pkwy-16801/home/119598481,232.68156424581005,State College Area,277.08351923695045,44.4019549911404,595175.3993209696,95375.39932096959,16.024754959593853,Good Deal
4.0,2.0,2051.0,449900.0,19020,"116-B Konefal St, Bensalem, PA 19020",145432588,Unknown,https://www.redfin.com/PA/Bensalem/116B-Konefal-St-19020/home/145432588,219.35641150658216,Philadelphia / Southeast PA Area,260.8656070963141,41.50919558973192,535035.3601545402,85135.36015454016,15.912099740463804,Good Deal
1.0,1.0,856.0,189900.0,15213,"5 Bayard Rd #207, Pittsburgh, PA 15213",74664727,Unknown,https://www.redfin.com/PA/Pittsburgh/5-Bayard-Rd-15213/unit-207/home/74664727,221.84579439252337,Pittsburgh Area,263.0770314267423,41.23123703421891,225193.9389012914,35293.9389012914,15.672685985017425,Good Deal
5.0,1.5,1828.0,175000.0,17102,"2022 Susquehanna St, Harrisburg, PA 17102",123334802,Unknown,https://www.redfin.com/PA/Harrisburg/2022-Susquehanna-St-17102/home/123334802,95.73304157549234,Central PA,113.43529129554562,17.70224972005329,207359.7124882574,32359.712488257413,15.605592860806997,Good Deal
3.0,3.0,1356.0,300000.0,19128,"740 Cinnaminson St, Philadelphia, PA 19128",38572455,Unknown,https://www.redfin.com/PA/Philadelphia/740-Cinnaminson-St-19128/home/38572455,221.23893805309734,Philadelphia / Southeast PA Area,261.52249037427634,40.283552321179,354624.4969475187,54624.496947518724,15.40347534299151,Good Deal
3.0,3.0,2197.0,495000.0,19067,"1394 Pepperbush Ct, Yardley, PA 19067",38757912,Unknown,https://www.redfin.com/PA/Yardley/1394-Pepperbush-Ct-19067/home/38757912,225.30723714155667,Philadelphia / Southeast PA Area,266.20188357827504,40.894646436718375,584845.5382214703,89845.53822147031,15.362267872418556,Good Deal
5.0,1.0,4322.0,979900.0,19380,"1038 Hershey Mill Rd, West Chester, PA 19380",38737792,Unknown,https://www.redfin.com/PA/West-Chester/1038-Hershey-Mill-Rd-19380/home/38737792,226.72373900971772,Philadelphia / Southeast PA Area,267.77862716029074,41.05488815057302,1157339.2265867766,177439.22658677655,15.331652337584728,Good Deal
4.0,2.5,2166.0,479900.0,19128,"7528 Valley Ave, Philadelphia, PA 19128",38580474,Unknown,https://www.redfin.com/PA/Philadelphia/7528-Valley-Ave-19128/home/38580474,221.56048014773776,Philadelphia / Southeast PA Area,261.52249037427634,39.96201022653858,566457.7141506826,86557.71415068256,15.280525269297943,Good Deal
6.0,2.0,2298.0,259900.0,18503,"240 N Main Ave, Scranton, PA 18504",176671212,Unknown,https://www.redfin.com/PA/Scranton/240-N-Main-Ave-18504/home/176671212,113.09834638816362,Lehigh Valley / Scranton Area,133.39233080369655,20.293984415532933,306535.5761868947,46635.57618689467,15.213756513032267,Good Deal
3.0,1.0,2018.0,475000.0,16801,"146 Legion Ln, State College, PA 16801",119552913,Unknown,https://www.redfin.com/PA/State-College/146-Legion-Ln-16801/home/119552913,235.38156590683846,State College Area,277.08351923695045,41.70195333011199,559154.541820166,84154.54182016605,15.050318923678105,Good Deal
3.0,3.0,3100.0,549000.0,19104,"4019 Spring Garden St, Philadelphia, PA 19104",38183735,Unknown,https://www.redfin.com/PA/Philadelphia/4019-Spring-Garden-St-19104/home/38183735,177.09677419354838,Philadelphia / Southeast PA Area,207.40964899739257,30.31287480384418,642969.911891917,93969.911891917,14.614978112337129,Fair Deal
2.0,1.0,1267.0,284900.0,15213,"128 N Craig St #611, Pittsburgh, PA 15213",73579718,Unknown,https://www.redfin.com/PA/Pittsburgh/128-N-Craig-St-15213/unit-611/home/73579718,224.86187845303868,Pittsburgh Area,263.0770314267423,38.215152973703596,333318.5988176825,48418.598817682476,14.526221755830171,Fair Deal
5.0,4.0,2860.0,549900.0,16803,"679 Devonshire Dr, State College, PA 16803",119718415,Unknown,https://www.redfin.com/PA/State-College/679-Devonshire-Dr-16803/home/119718415,192.27272727272728,State College Area,224.27380204527876,32.001074772551476,641423.0738494972,91523.07384949725,14.268752962100661,Fair Deal
4.0,1.0,2508.0,595900.0,16801,"102 Abbott Ln, State College, PA 16801",119618794,Unknown,https://www.redfin.com/PA/State-College/102-Abbott-Ln-16801/home/119618794,237.59968102073364,State College Area,277.08351923695045,39.48383821621681,694925.4662462717,99025.46624627174,14.249796712900793,Fair Deal
2.0,2.0,1020.0,242500.0,16801,"973 Stratford Ct, State College, PA 16801",119352499,Unknown,https://www.redfin.com/PA/State-College/973-Stratford-Ct-16801/home/119352499,237.7450980392157,State College Area,277.08351923695045,39.33842119773476,282625.18962168944,40125.18962168944,14.197315418133599,Fair Deal
8.0,6.0,3385.0,385000.0,19601,"400 N 5th St, Reading, PA 19601",38200464,Unknown,https://www.redfin.com/PA/Reading/400-N-5th-St-19601/home/38200464,113.7370753323486,Philadelphia / Southeast PA Area,132.4310972612564,18.694021928907816,448279.26422935294,63279.264229352935,14.11603642611883,Fair Deal
5.0,5.0,2000.0,255000.0,18102,"306 Ridge Ave, Allentown, PA 18102",59042526,Unknown,https://www.redfin.com/PA/Allentown/306-Ridge-Ave-18102/home/59042526,127.5,Lehigh Valley / Scranton Area,146.92140064971593,19.421400649715935,293842.8012994319,38842.801299431885,13.218905185922955,Fair Deal
2.0,1.0,3708.0,650000.0,17601,"516 Bald Eagle Ct, Lancaster, PA 17601",131536543,Unknown,https://www.redfin.com/PA/Lancaster/516-Bald-Eagle-Ct-17601/home/131536543,175.29665587918015,Central PA,201.8663638703207,26.569707991140547,748520.4772311491,98520.4772311491,13.162028324941227,Fair Deal
4.0,3.0,1464.0,279000.0,18018,"348 7th Ave, Bethlehem, PA 18018",69127710,Unknown,https://www.redfin.com/PA/Bethlehem/348-7th-Ave-18018/home/69127710,190.5737704918033,Lehigh Valley / Scranton Area,218.36740702289026,27.793636531086975,319689.88388151134,40689.88388151134,12.727923507455271,Fair Deal
6.0,3.0,2140.0,525000.0,19038,"715 N Easton Rd, Glenside, PA 19038",38207543,Unknown,https://www.redfin.com/PA/Glenside/715-N-Easton-Rd-19038/home/38207543,245.3271028037383,Philadelphia / Southeast PA Area,280.5992061963203,35.27210339258201,600482.3012601255,75482.30126012547,12.57027910759804,Fair Deal
4.0,1.0,774.0,90000.0,19601,"233 Hudson St, Reading, PA 19601",38229279,Unknown,https://www.redfin.com/PA/Reading/233-Hudson-St-19601/home/38229279,116.27906976744185,Philadelphia / Southeast PA Area,132.4310972612564,16.152027493814558,102501.66928021246,12501.66928021246,12.19655188837579,Fair Deal
4.0,4.0,1550.0,299000.0,18018,"1522 W North St, Bethlehem, PA 18018",59103351,Unknown,https://www.redfin.com/PA/Bethlehem/1522-W-North-St-18018/home/59103351,192.90322580645162,Lehigh Valley / Scranton Area,218.36740702289026,25.464181216438647,338469.4808854799,39469.48088547989,11.6611638905294,Fair Deal
3.0,3.0,1971.0,265900.0,19124,"4673 Mulberry St, Philadelphia, PA 19124",38637597,Unknown,https://www.redfin.com/PA/Philadelphia/4673-Mulberry-St-19124/home/38637597,134.90613901572806,Philadelphia / Southeast PA Area,152.5711290372946,17.664990021566553,300717.69533250766,34817.69533250766,11.578199711197328,Fair Deal
2.0,1.0,2072.0,419000.0,19111,"8459 Verree Rd, Philadelphia, PA 19111",39436067,Unknown,https://www.redfin.com/PA/Philadelphia/8459-Verree-Rd-19111/home/39436067,202.22007722007723,Philadelphia / Southeast PA Area,228.6104925889901,26.39041536891287,473680.9406443875,54680.940644387505,11.54383382409275,Fair Deal
5.0,4.0,1922.0,250000.0,18102,"436 5th St, Allentown, PA 18102",59091458,Unknown,https://www.redfin.com/PA/Allentown/436-N-5th-St-18102/home/59091458,130.07284079084286,Lehigh Valley / Scranton Area,146.92140064971593,16.848559858873074,282382.932048754,32382.93204875401,11.467737024262863,Fair Deal
3.0,1.0,1808.0,350000.0,18018,"1714 Elliott Ave, Bethlehem, PA 18018",69130174,Unknown,https://www.redfin.com/PA/Bethlehem/1714-Elliott-Ave-18018/home/69130174,193.58407079646017,Lehigh Valley / Scranton Area,218.36740702289026,24.783336226430094,394808.2718973856,44808.271897385595,11.349375149118378,Fair Deal
2.0,1.0,1607.0,375000.0,15213,"220 N Dithridge St #704, Pittsburgh, PA 15213",74567651,Unknown,https://www.redfin.com/PA/Pittsburgh/220-N-Dithridge-St-15213/unit-704/home/74567651,233.35407591785938,Pittsburgh Area,263.0770314267423,29.722955508882904,422764.78950277483,47764.78950277483,11.298194809211122,Fair Deal
1.0,2.0,1188.0,275000.0,19020,"323 Harvard Sq, Bensalem, PA 19020",38427733,Unknown,https://www.redfin.com/PA/Bensalem/323-Harvard-Sq-19020/home/38427733,231.4814814814815,Philadelphia / Southeast PA Area,260.8656070963141,29.384125614832584,309908.34123042115,34908.34123042115,11.264085726710505,Fair Deal
4.0,2.0,2784.0,685000.0,16801,"190 Sussex Dr, State College, PA 16801",160527267,Unknown,https://www.redfin.com/PA/State-College/190-Sussex-Dr-16801/home/160527267,246.04885057471265,State College Area,277.08351923695045,31.034668662237806,771400.5175556701,86400.51755567011,11.200474408475465,Fair Deal
4.0,2.0,1920.0,389900.0,19111,"6500 Algon Ave, Philadelphia, PA 19111",39300714,Unknown,https://www.redfin.com/PA/Philadelphia/6500-Algon-Ave-19111/home/39300714,203.07291666666666,Philadelphia / Southeast PA Area,228.6104925889901,25.53757592232344,438932.145770861,49032.14577086101,11.170780322947142,Fair Deal
3.0,2.0,2066.0,699777.0,15232,"523 S Graham St, Pittsburgh, PA 15232",74662014,Unknown,https://www.redfin.com/PA/Pittsburgh/523-S-Graham-St-15232/home/74662014,338.7110358180058,Pittsburgh Area,380.7788771479076,42.067841329901796,786689.1601875771,86912.16018757713,11.047840060088525,Fair Deal
2.0,1.0,1120.0,280000.0,19038,"100 Logan Ave, Glenside, PA 19038",38905500,Unknown,https://www.redfin.com/PA/Glenside/100-Logan-Ave-19038/home/38905500,250.0,Philadelphia / Southeast PA Area,280.5992061963203,30.599206196320324,314271.11093987874,34271.11093987874,10.904951090599903,Fair Deal
5.0,1.0,5548.0,1324900.0,19380,"520 Sunset Hollow Rd, West Chester, PA 19380",39043304,Unknown,https://www.redfin.com/PA/West-Chester/520-Sunset-Hollow-Rd-19380/home/39043304,238.80677721701514,Philadelphia / Southeast PA Area,267.77862716029074,28.9718499432756,1485635.823485293,160735.82348529296,10.819328730792696,Fair Deal
4.0,4.0,2748.0,935000.0,15232,"714 Filbert St, Pittsburgh, PA 15232",73529995,Unknown,https://www.redfin.com/PA/Pittsburgh/714-Filbert-St-15232/home/73529995,340.2474526928675,Pittsburgh Area,380.7788771479076,40.53142445504011,1046380.3544024501,111380.35440245015,10.64434686047364,Fair Deal
3.0,3.0,2423.0,850000.0,15222,"7 Waterside Pl, Pittsburgh, PA 15222",74561513,Unknown,https://www.redfin.com/PA/Pittsburgh/7-Waterside-Pl-15222/home/74561513,350.80478745356993,Pittsburgh Area,390.04285744222494,39.23806998865501,945073.8435825111,95073.84358251106,10.059938091410157,Fair Deal
4.0,4.0,2386.0,559900.0,19020,"5106 N Hunters Ct Unit N, Bensalem, PA 19020",201525446,Unknown,https://www.redfin.com/PA/Bensalem/5106-N-Hunters-Ct-19020/unit-N/home/201525446,234.66051969823974,Philadelphia / Southeast PA Area,260.8656070963141,26.20508739807434,622425.3385318054,62525.338531805435,10.045435919959811,Fair Deal
3.0,3.0,1511.0,275000.0,17601,"903 Country Place Dr, Lancaster, PA 17601",131228069,Unknown,https://www.redfin.com/PA/Lancaster/903-Country-Place-Dr-17601/home/131228069,181.99867637326275,Central PA,201.8663638703207,19.867687497057943,305020.0758080546,30020.075808054593,9.841999982632572,Fair Deal
4.0,2.0,3425.0,824900.0,19067,"1103 Roeloffs Rd, Yardley, PA 19067",38750535,Unknown,https://www.redfin.com/PA/Yardley/1103-Roeloffs-Rd-19067/home/38750535,240.84671532846716,Philadelphia / Southeast PA Area,266.20188357827504,25.35516824980789,911741.451255592,86841.45125559205,9.524789197200539,Fair Deal
2.0,1.0,2706.0,550000.0,16803,"157 Honors Ln, State College, PA 16803",119917477,Unknown,https://www.redfin.com/PA/State-College/157-Honors-Ln-16803/home/119917477,203.2520325203252,State College Area,224.27380204527876,21.021769524953555,606884.9083345244,56884.90833452437,9.37326131418126,Fair Deal
3.0,3.0,1100.0,228000.0,19111,"239 Higbee St, Philadelphia, PA 19111",38987792,Unknown,https://www.redfin.com/PA/Philadelphia/239-Higbee-St-19111/home/38987792,207.27272727272728,Philadelphia / Southeast PA Area,228.6104925889901,21.337765316262818,251471.5418478891,23471.541847889108,9.33367715305402,Fair Deal
3.0,2.5,2681.0,675000.0,16801,"152 Gas Light Cir, State College, PA 16801",119250737,Unknown,https://www.redfin.com/PA/State-College/152-Gas-Light-Cir-16801/home/119250737,251.77172696754943,State College Area,277.08351923695045,25.311792269401025,742860.9150742642,67860.91507426417,9.13507679529486,Fair Deal
2.0,2.0,1480.0,525000.0,15222,"941 Penn Ave #202, Pittsburgh, PA 15222",74446702,Unknown,https://www.redfin.com/PA/Pittsburgh/941-Penn-Ave-15222/unit-202/home/74446702,354.72972972972974,Pittsburgh Area,390.04285744222494,35.3131277124952,577263.4290144929,52263.4290144929,9.053653217512373,Fair Deal
4.0,3.5,4024.0,739900.0,17601,"209 Heatherstone Way, Lancaster, PA 17601",130169875,Unknown,https://www.redfin.com/PA/Lancaster/209-Heatherstone-Way-17601/home/130169875,183.87176938369782,Central PA,201.8663638703207,17.994594486622873,812310.2482141705,72410.24821417045,8.914112357114945,Fair Deal
3.0,2.5,3475.0,849000.0,19380,"1431 Clover Ln, West Chester, PA 19380",38739714,Unknown,https://www.redfin.com/PA/West-Chester/1431-Clover-Ln-19380/home/38739714,244.31654676258992,Philadelphia / Southeast PA Area,267.77862716029074,23.462080397700817,930530.7293820103,81530.7293820103,8.761744970653144,Fair Deal
4.0,2.5,2433.0,579900.0,19020,"3404 Parkview Dr, Bensalem, PA 19020",38391757,Unknown,https://www.redfin.com/PA/Bensalem/3404-Parkview-Dr-19020/home/38391757,238.34771886559804,Philadelphia / Southeast PA Area,260.8656070963141,22.51788823071604,634686.0220653322,54786.02206533216,8.631988126515365,Fair Deal
4.0,2.5,2186.0,450000.0,16803,"620 Fawn Valley Rd, State College, PA 16803",178420692,Unknown,https://www.redfin.com/PA/State-College/620-Fawn-Valley-Rd-16803/home/178420692,205.85544373284537,State College Area,224.27380204527876,18.418358312433384,490262.5312709794,40262.53127097938,8.212443069349176,Fair Deal
5.0,2.0,1643.0,199900.0,19601,"327 W Windsor St, Reading, PA 19601",38232333,Unknown,https://www.redfin.com/PA/Reading/327-W-Windsor-St-19601/home/38232333,121.6676810712112,Philadelphia / Southeast PA Area,132.4310972612564,10.763416190045206,217584.2928002443,17684.292800244293,8.127559472539481,Fair Deal
3.0,1.0,1353.0,350000.0,19038,"121 Elm Ave, Glenside, PA 19038",38210798,Unknown,https://www.redfin.com/PA/Glenside/121-Elm-Ave-19038/home/38210798,258.68440502586844,Philadelphia / Southeast PA Area,280.5992061963203,21.91480117045188,379650.7259836214,29650.725983621378,7.810001128484751,Fair Deal
2.0,2.0,1515.0,375000.0,19380,"965 Roundhouse Ct, West Chester, PA 19380",57216623,Unknown,https://www.redfin.com/PA/West-Chester/965-Roundhouse-Ct-19380/home/57216623,247.52475247524754,Philadelphia / Southeast PA Area,267.77862716029074,20.2538746850432,405684.62014784047,30684.62014784047,7.56366365001915,Fair Deal
4.0,3.5,3836.0,950000.0,19380,"202 Netherfield Ln, West Chester, PA 19380",39042959,Unknown,https://www.redfin.com/PA/West-Chester/202-Netherfield-Ln-19380/home/39042959,247.65380604796664,Philadelphia / Southeast PA Area,267.77862716029074,20.1248211123241,1027198.8137868752,77198.81378687522,7.515469522620823,Fair Deal
3.0,3.0,1988.0,479900.0,19020,"6536 Timothy Ct, Bensalem, PA 19020",38424740,Unknown,https://www.redfin.com/PA/Bensalem/6536-Timothy-Ct-19020/home/38424740,241.39839034205232,Philadelphia / Southeast PA Area,260.8656070963141,19.467216754261756,518600.8269074724,38700.826907472394,7.462546316837498,Fair Deal
5.0,3.0,1830.0,225000.0,19601,"304 N 4th St, Reading, PA 19601",38200281,Unknown,https://www.redfin.com/PA/Reading/304-N-4th-St-19601/home/38200281,122.95081967213115,Philadelphia / Southeast PA Area,132.4310972612564,9.480277589125265,242348.90798809924,17348.907988099236,7.158649127872765,Fair Deal
1.0,1.0,1639.0,595000.0,15222,"806 Penn Ave #2, Pittsburgh, PA 15222",74445118,Unknown,https://www.redfin.com/PA/Pittsburgh/806-Penn-Ave-15222/unit-2/home/74445118,363.02623550945697,Pittsburgh Area,390.04285744222494,27.016621932767976,639280.2433478066,44280.24334780662,6.926577789408632,Fair Deal
2.0,2.0,1200.0,149000.0,18503,"501 Fellows St, Scranton, PA 18504",129153807,Unknown,https://www.redfin.com/PA/Scranton/501-Fellows-St-18504/home/129153807,124.16666666666667,Lehigh Valley / Scranton Area,133.39233080369655,9.22566413702988,160070.79696443587,11070.796964435867,6.916187820877502,Fair Deal
5.0,5.0,3402.0,420000.0,19601,"115 Windsor St, Reading, PA 19601",38231596,Unknown,https://www.redfin.com/PA/Reading/115-Windsor-St-19601/home/38231596,123.45679012345678,Philadelphia / Southeast PA Area,132.4310972612564,8.974307137799627,450530.5928827943,30530.592882794328,6.776585955559486,Fair Deal
2.0,3.0,1300.0,265000.0,18018,"216 9th Ave, Bethlehem, PA 18018",59194929,Unknown,https://www.redfin.com/PA/Bethlehem/216-9th-Ave-18018/home/59194929,203.84615384615384,Lehigh Valley / Scranton Area,218.36740702289026,14.521253176736423,283877.62912975735,18877.629129757348,6.6499178493309845,Fair Deal
4.0,1.0,1802.0,265000.0,17101,"321 Walnut St, Lemoyne, PA 17043",121311768,Unknown,https://www.redfin.com/PA/Lemoyne/321-Walnut-St-17043/home/121311768,147.05882352941177,Central PA,157.52119363592462,10.46237010651285,283853.19093193614,18853.190931936144,6.641880920921853,Fair Deal
4.0,4.0,1600.0,219900.0,18102,"434 W Greenleaf St, Allentown, PA 18102",59076182,Unknown,https://www.redfin.com/PA/Allentown/434-W-Greenleaf-St-18102/home/59076182,137.4375,Lehigh Valley / Scranton Area,146.92140064971593,9.483900649715935,235074.2410395455,15174.241039545508,6.455084560708127,Fair Deal
3.0,3.0,3242.0,799000.0,15213,"4323 Andover Ter, Pittsburgh, PA 15213",74567447,Unknown,https://www.redfin.com/PA/Pittsburgh/4323-Andover-Ter-15213/home/74567447,246.45280690931523,Pittsburgh Area,263.0770314267423,16.624224517427052,852895.7358854985,53895.73588549846,6.319147067788129,Fair Deal
4.0,2.5,2508.0,475000.0,17601,"911 Jade Ave, Lancaster, PA 17601",131263913,Unknown,https://www.redfin.com/PA/Lancaster/911-Jade-Ave-17601/home/131263913,189.3939393939394,Central PA,201.8663638703207,12.472424476381292,506280.84058676433,31280.84058676433,6.178555078345602,Fair Deal
5.0,4.0,2783.0,995000.0,15232,"712 Filbert St, Pittsburgh, PA 15232",73529988,Unknown,https://www.redfin.com/PA/Pittsburgh/712-Filbert-St-15232/home/73529988,357.52784764642473,Pittsburgh Area,380.7788771479076,23.25102950148289,1059707.6151026268,64707.61510262685,6.106176286782677,Fair Deal
5.0,2.5,2692.0,675000.0,19067,"350 Richard Rd, Yardley, PA 19067",38745562,Unknown,https://www.redfin.com/PA/Yardley/350-Richard-Rd-19067/home/38745562,250.74294205052007,Philadelphia / Southeast PA Area,266.20188357827504,15.458941527754973,716615.4705927165,41615.470592716476,5.807224697269806,Fair Deal
3.0,1.0,2572.0,274900.0,17102,"258 Herr St, Harrisburg, PA 17102",122606695,Unknown,https://www.redfin.com/PA/Harrisburg/258-Herr-St-17102/home/122606695,106.88180404354588,Central PA,113.43529129554562,6.553487251999741,291755.56921214337,16855.569212143368,5.777291332487719,Fair Deal
5.0,5.0,1677.0,209900.0,19601,"724 Weiser St, Reading, PA 19601",38236896,Unknown,https://www.redfin.com/PA/Reading/724-Weiser-St-19601/home/38236896,125.1639833035182,Philadelphia / Southeast PA Area,132.4310972612564,7.267113957738218,222086.950107127,12186.950107126991,5.487467904461938,Fair Deal
3.0,1.5,1580.0,199500.0,18503,"611 Moosic St, Scranton, PA 18505",128789189,Unknown,https://www.redfin.com/PA/Scranton/611-Moosic-St-18505/home/128789189,126.26582278481013,Lehigh Valley / Scranton Area,133.39233080369655,7.126508018886426,210759.88266984056,11259.882669840561,5.342517051729141,Fair Deal
4.0,4.0,1500.0,189500.0,18503,"435 Saint Francis Cabrini Ave, Scranton, PA 18504",128524646,Unknown,https://www.redfin.com/PA/Scranton/435-Saint-Francis-Cabrini-Ave-18504/home/128524646,126.33333333333333,Lehigh Valley / Scranton Area,133.39233080369655,7.058997470363224,200088.49620554483,10588.496205544827,5.291906534530395,Fair Deal
3.0,3.0,1773.0,439900.0,19128,"7709 Keiffer St, Philadelphia, PA 19128",38580378,Unknown,https://www.redfin.com/PA/Philadelphia/7709-Keiffer-St-19128/home/38580378,248.11054709531868,Philadelphia / Southeast PA Area,261.52249037427634,13.411943278957665,463679.37543359195,23779.37543359195,5.1284091321412735,Fair Deal
2.0,1.0,3416.0,849900.0,19128,"4359 Fleming St, Philadelphia, PA 19128",38523862,Unknown,https://www.redfin.com/PA/Philadelphia/4359-Fleming-St-19128/home/38523862,248.79976580796253,Philadelphia / Southeast PA Area,261.52249037427634,12.722724566313815,893360.827118528,43460.82711852796,4.86486823680279,Slight Value
3.0,3.0,1700.0,369900.0,19111,"724 Longshore Ave, Philadelphia, PA 19111",39303948,Unknown,https://www.redfin.com/PA/Philadelphia/724-Longshore-Ave-19111/home/39303948,217.58823529411765,Philadelphia / Southeast PA Area,228.6104925889901,11.022257294872446,388637.83740128315,18737.83740128315,4.821413562451364,Slight Value
5.0,4.0,3286.0,867000.0,16801,"120 Meadowsweet Dr, State College, PA 16801",120035131,Unknown,https://www.redfin.com/PA/State-College/120-Meadowsweet-Dr-16801/home/120035131,263.8466220328667,State College Area,277.08351923695045,13.236897204083732,910496.4442126192,43496.444212619215,4.777222853432904,Slight Value
3.0,3.0,2175.0,465000.0,16803,"782 Tanager Dr, State College, PA 16803",119533588,Unknown,https://www.redfin.com/PA/State-College/782-Tanager-Dr-16803/home/119533588,213.79310344827587,State College Area,224.27380204527876,10.480698597002885,487795.51944848127,22795.519448481267,4.673171142337405,Slight Value
3.0,3.0,1440.0,315000.0,19111,"7811 N Fillmore St, Philadelphia, PA 19111",39434699,Unknown,https://www.redfin.com/PA/Philadelphia/7811-Fillmore-St-19111/home/39434699,218.75,Philadelphia / Southeast PA Area,228.6104925889901,9.860492588990098,329199.10932814574,14199.109328145743,4.3132283550597545,Slight Value
3.0,3.0,1940.0,424850.0,19111,"1121 Shelmire Ave, Philadelphia, PA 19111",39331340,Unknown,https://www.redfin.com/PA/Philadelphia/1121-Shelmire-Ave-19111/home/39331340,218.99484536082474,Philadelphia / Southeast PA Area,228.6104925889901,9.615647228165358,443504.3556226408,18654.35562264081,4.206126813896055,Slight Value
3.0,1.0,2100.0,525000.0,19020,"124 Annapolis St, Bensalem, PA 19020",181448433,Unknown,https://www.redfin.com/PA/Bensalem/124-Annapolis-St-19020/home/181448433,250.0,Philadelphia / Southeast PA Area,260.8656070963141,10.86560709631408,547817.7749022596,22817.77490225958,4.165212584847339,Slight Value
2.0,2.0,1323.0,335000.0,15213,"154 N Bellefield Ave #41, Pittsburgh, PA 15213",104463312,Unknown,https://www.redfin.com/PA/Pittsburgh/154-N-Bellefield-Ave-15213/unit-41/home/104463312,253.21239606953893,Pittsburgh Area,263.0770314267423,9.864635357203355,348050.91257758,13050.91257758002,3.749713649916373,Slight Value
4.0,1.0,2339.0,625000.0,16801,"316 Homan Ave, State College, PA 16801",119578245,Unknown,https://www.redfin.com/PA/State-College/316-Homan-Ave-16801/home/119578245,267.20820863616933,State College Area,277.08351923695045,9.87531060078112,648098.3514952271,23098.351495227078,3.5640194797497777,Slight Value
3.0,2.5,2143.0,235000.0,17102,"231 Boas St, Harrisburg, PA 17102",123768918,Unknown,https://www.redfin.com/PA/Harrisburg/231-Boas-St-17102/home/123768918,109.65935604293047,Central PA,113.43529129554562,3.775935252615156,243091.82924635426,8091.82924635426,3.3287129688566517,Slight Value
3.0,3.0,1750.0,389900.0,19111,"7142 Lawndale Ave, Philadelphia, PA 19111",39305753,Unknown,https://www.redfin.com/PA/Philadelphia/7142-Lawndale-Ave-19111/home/39305753,222.8,Philadelphia / Southeast PA Area,228.6104925889901,5.810492588990087,400068.3620307327,10168.362030732678,2.541656125747719,Slight Value
3.0,4.0,1920.0,275000.0,18102,"220 S Madison St, Allentown, PA 18102",59198454,Unknown,https://www.redfin.com/PA/Allentown/220-S-Madison-St-18102/home/59198454,143.22916666666666,Lehigh Valley / Scranton Area,146.92140064971593,3.6922339830492774,282089.0892474546,7089.089247454598,2.513067508696126,Slight Value
3.0,2.0,1998.0,759900.0,15222,"59 Waterfront Dr, Pittsburgh, PA 15222",74561436,Unknown,https://www.redfin.com/PA/Pittsburgh/59-Waterfront-Dr-15222/home/74561436,380.33033033033036,Pittsburgh Area,390.04285744222494,9.712527111894588,779305.6291695654,19405.629169565393,2.490117925908503,Slight Value
2.0,2.0,1920.0,250000.0,18503,"816 Capouse Ave, Scranton, PA 18509",184179169,Unknown,https://www.redfin.com/PA/Scranton/816-Capouse-Ave-18509/home/184179169,130.20833333333334,Lehigh Valley / Scranton Area,133.39233080369655,3.1839974703632095,256113.2751430974,6113.275143097388,2.386941926255769,Slight Value
5.0,5.0,1834.0,265000.0,18102,"622 N Law St, Allentown, PA 18102",69113366,Unknown,https://www.redfin.com/PA/Allentown/622-N-Law-St-18102/home/69113366,144.4929116684842,Lehigh Valley / Scranton Area,146.92140064971593,2.4284889812317374,269453.848791579,4453.848791579017,1.6529171179232416,Slight Value
4.0,4.0,2297.0,635000.0,19038,"1803 Harris Rd, Glenside, PA 19038",38281596,Unknown,https://www.redfin.com/PA/Glenside/1803-Harris-Rd-19038/home/38281596,276.4475402699173,Philadelphia / Southeast PA Area,280.5992061963203,4.151665926403041,644536.3766329478,9536.376632947824,1.479571515073481,Slight Value
4.0,4.0,1746.0,449900.0,19128,"6707 Cinnamon Dr, Philadelphia, PA 19128",38550650,Unknown,https://www.redfin.com/PA/Philadelphia/6707-Cinnamon-Dr-19128/home/38550650,257.67468499427264,Philadelphia / Southeast PA Area,261.52249037427634,3.847805380003706,456618.2681934865,6718.268193486496,1.471309551425943,Slight Value
2.0,3.0,2068.0,445000.0,18018,"306 E Broad St, Bethlehem, PA 18018",59199573,Unknown,https://www.redfin.com/PA/Bethlehem/306-E-Broad-St-18018/home/59199573,215.18375241779498,Lehigh Valley / Scranton Area,218.36740702289026,3.1836546050952848,451583.7977233371,6583.797723337077,1.4579348852924616,Slight Value
3.0,3.0,1692.0,450000.0,15217,"5642 Solway St, Pittsburgh, PA 15217",73509870,Unknown,https://www.redfin.com/PA/Pittsburgh/5642-Solway-St-15217/home/73509870,265.9574468085106,Pittsburgh Area,269.2839100721977,3.326463263687117,455628.37584215857,5628.375842158566,1.235299674159974,Slight Value
2.0,1.0,2668.0,299900.0,17102,"1908 Green St, Harrisburg, PA 17102",123400265,Unknown,https://www.redfin.com/PA/Harrisburg/1908-Green-St-17102/home/123400265,112.40629685157421,Central PA,113.43529129554562,1.0289944439714134,302645.35717651574,2745.3571765157394,0.9071202023808116,Slight Value
3.0,5.0,2182.0,825000.0,15232,"Undisclosed Address, Pittsburgh, PA 15232",74665363,Unknown,https://www.redfin.com/PA/Pittsburgh/Undisclosed-address-15232/home/74665363,378.0934922089826,Pittsburgh Area,380.7788771479076,2.68538493892504,830859.5099367345,5859.509936734452,0.705234743859479,Slight Value
1.0,1.0,840.0,219900.0,15213,"5 Bayard Rd #810, Pittsburgh, PA 15213",74665138,Unknown,https://www.redfin.com/PA/Pittsburgh/5-Bayard-Rd-15213/unit-810/home/74665138,261.7857142857143,Pittsburgh Area,263.0770314267423,1.2913171410280029,220984.70639846352,1084.706398463517,0.4908513426751141,Slight Value
3.0,3.0,1560.0,355000.0,19111,"8030 Ferndale St, Philadelphia, PA 19111",39436002,Unknown,https://www.redfin.com/PA/Philadelphia/8030-Ferndale-St-19111/home/39436002,227.56410256410257,Philadelphia / Southeast PA Area,228.6104925889901,1.046390024887529,356632.36843882455,1632.3684388245456,0.457717409659229,Slight Value
3.0,3.0,1440.0,375000.0,19128,"313 Gates St, Philadelphia, PA 19128",38529278,Unknown,https://www.redfin.com/PA/Philadelphia/313-Gates-St-19128/home/38529278,260.4166666666667,Philadelphia / Southeast PA Area,261.52249037427634,1.1058237076096589,376592.3861389579,1592.3861389579251,0.4228407683129192,Slight Value
4.0,4.0,1766.0,200000.0,17102,"215 Briggs St, Harrisburg, PA 17102",123335953,Unknown,https://www.redfin.com/PA/Harrisburg/215-Briggs-St-17102/home/123335953,113.25028312570781,Central PA,113.43529129554562,0.18500816983781476,200326.72442793357,326.72442793357186,0.16309577709443812,Slight Value
